timestamp,heart_rate,spo2,temperature
2025-10-01 00:00:00,77.48357076505616,98.38926632129746,36.9198066309758
2025-10-01 00:01:00,74.30867849414408,99.8641249607052,36.77739010487383
2025-10-01 00:02:00,78.23844269050346,94.90214863927127,36.51788911097605
2025-10-01 00:03:00,82.61514928204012,97.84445385503584,36.30591896668833
2025-10-01 00:04:00,73.82923312638331,96.02403614631726,36.70946699408408
2025-10-01 00:05:00,73.8293152152541,96.26931192435296,36.61804561562653
2025-10-01 00:06:00,82.89606407753696,96.1114091136417,36.76855796600832
2025-10-01 00:07:00,78.83717364576455,95.70401384548028,36.69055154050459
2025-10-01 00:08:00,72.65262807032524,97.07278244191724,36.8148658145958
2025-10-01 00:09:00,109.71280021792982,86.75357482538344,37.84684137524964
2025-10-01 00:10:00,72.68291153593769,97.40568523866976,36.8952182196903
2025-10-01 00:11:00,72.67135123214871,96.92464283582628,36.55927988140772
2025-10-01 00:12:00,76.20981135783018,96.6415779297004,37.12257826178758
2025-10-01 00:13:00,65.43359877671101,95.6386545069376,36.29324365457313
2025-10-01 00:14:00,66.37541083743484,96.1348430041475,37.02078914094957
2025-10-01 00:15:00,72.18856235379513,98.13308683873863,36.55937323503879
2025-10-01 00:16:00,69.93584439832789,97.75137578143656,36.304574598915664
2025-10-01 00:17:00,76.57123666297637,95.53366713280218,36.35483424978371
2025-10-01 00:18:00,70.45987962239394,97.14899845814384,36.4038958075417
2025-10-01 00:19:00,67.93848149332354,98.12708068505768,36.627249783920576
2025-10-01 00:20:00,82.32824384460777,94.49589207831794,36.65685064641065
2025-10-01 00:21:00,73.87111849756732,97.8150402885699,36.32788999881843
2025-10-01 00:22:00,75.33764102343962,96.00606436158122,36.4926936223217
2025-10-01 00:23:00,67.87625906893271,97.85589800288976,37.14268110758356
2025-10-01 00:24:00,72.27808637737408,95.85511126518622,37.018262951030216
2025-10-01 00:25:00,75.55461294854933,94.2926768490032,36.63089710090221
2025-10-01 00:26:00,69.24503211288848,94.55868634317524,36.51140104345046
2025-10-01 00:27:00,76.87849009172837,97.07212741999209,36.53600939801548
2025-10-01 00:28:00,71.99680655040598,97.38958375258224,36.68405539181912
2025-10-01 00:29:00,73.54153125103362,95.6435250623434,36.19316223044048
2025-10-01 00:30:00,71.99146693885301,97.95788868816608,36.422787038773
2025-10-01 00:31:00,84.26139092254469,94.50771990659656,35.99942477783672
2025-10-01 00:32:00,74.93251387631032,96.90088030202902,36.61976693678158
2025-10-01 00:33:00,69.71144535522049,95.18347570035633,36.69415878191082
2025-10-01 00:34:00,79.11272456051594,96.02224583829675,36.35504406131019
2025-10-01 00:35:00,68.89578175014489,97.07109800697462,36.97219602898701
2025-10-01 00:36:00,76.04431797502377,95.70937995207407,36.1322703010993
2025-10-01 00:37:00,65.20164938060113,96.42316668365528,36.060687535937056
2025-10-01 00:38:00,68.35906975550785,98.50943921382166,36.56733554556799
2025-10-01 00:39:00,75.98430617934562,96.13466219571528,36.81412949078365
2025-10-01 00:40:00,78.69233289997705,98.25353816809772,37.00517830743736
2025-10-01 00:41:00,75.85684140594985,95.30543971801356,36.36233472113932
2025-10-01 00:42:00,74.4217585880588,97.79470626687292,36.82360425002939
2025-10-01 00:43:00,73.49448152205356,99.16235293098686,36.48844745914979
2025-10-01 00:44:00,67.60739004816287,93.29253324980908,36.44821181001775
2025-10-01 00:45:00,71.40077895802645,95.80465711679427,36.765097981246
2025-10-01 00:46:00,72.69680614520107,97.8656081907708,36.69569686352403
2025-10-01 00:47:00,80.28561113109458,96.6954319209355,36.02708235290473
2025-10-01 00:48:00,76.71809144784231,97.55671881005696,36.94296210491777
2025-10-01 00:49:00,66.18479922318633,96.09402221992627,36.91402740624424
2025-10-01 00:50:00,76.62041984697397,97.12988468120936,36.312331189547145
2025-10-01 00:51:00,73.07458859791842,96.76648414691188,36.618741060031226
2025-10-01 00:52:00,71.6153899984702,98.75167309248972,36.64820905588482
2025-10-01 00:53:00,78.05838144420434,97.38163126495182,36.57820212974717
2025-10-01 00:54:00,80.15499761247976,97.5064039931128,36.33490845384637
2025-10-01 00:55:00,79.65640059558099,96.3821845508163,36.29851298961859
2025-10-01 00:56:00,70.80391238388681,96.26859066389126,36.492333778702566
2025-10-01 00:57:00,73.45393812074393,96.35116271827056,36.85181870577781
2025-10-01 00:58:00,76.65631715701782,97.59167821356743,36.66308004637833
2025-10-01 00:59:00,79.8777256356118,96.3685232787696,36.38881570037417
2025-10-01 01:00:00,72.60412881077355,97.4346622853446,36.7315096131945
2025-10-01 01:01:00,74.07170511668092,100.11310119796816,35.64543721381098
2025-10-01 01:02:00,69.46832512996986,98.30668705514752,36.84462971011163
2025-10-01 01:03:00,69.01896687959665,96.51096470174824,35.97808586636657
2025-10-01 01:04:00,79.06262911197099,98.80182088324592,36.39126771757906
2025-10-01 01:05:00,81.78120014285412,96.38788694046768,36.16409903161216
2025-10-01 01:06:00,74.63994939209833,93.94281319723322,36.11159555728373
2025-10-01 01:07:00,80.01766448946012,95.48787053362388,36.84824803621356
2025-10-01 01:08:00,76.80818012523817,94.1938121184612,36.35968963960643
2025-10-01 01:09:00,71.77440122697438,96.47272977393804,36.603951164519216
2025-10-01 01:10:00,76.80697802754207,97.02762756878433,36.48592382633625
2025-10-01 01:11:00,82.69018283232984,99.51465596841292,36.643112248166936
2025-10-01 01:12:00,74.82086980445024,97.49039106064625,36.52304656731808
2025-10-01 01:13:00,82.82321827907003,96.6713492067867,36.11510233274343
2025-10-01 01:14:00,61.90127447955128,98.24410837177524,36.79888004583414
2025-10-01 01:15:00,79.10951252187611,93.68329703648816,36.3518730250516
2025-10-01 01:16:00,75.43523534119086,97.35342183716286,36.03302543040208
2025-10-01 01:17:00,73.50496324767066,98.15629779083044,36.37156545171023
2025-10-01 01:18:00,75.45880388267751,94.78212063133024,36.95022793719029
2025-10-01 01:19:00,65.06215542699553,98.7156310648104,36.755066522634046
2025-10-01 01:20:00,73.90164056081244,97.50774461124162,36.39540435967764
2025-10-01 01:21:00,76.78556285755873,96.3770681291488,36.39522268870447
2025-10-01 01:22:00,82.38947022370758,97.94917279915944,36.40350948463478
2025-10-01 01:23:00,72.40864890863176,100.4060392867066,37.12302439506825
2025-10-01 01:24:00,70.95753198553406,97.27279938258776,36.61458063566947
2025-10-01 01:25:00,72.49121478207732,97.3723308794505,36.62901249415732
2025-10-01 01:26:00,79.57701058851038,96.31095865068964,36.80908503620955
2025-10-01 01:27:00,76.64375554829843,95.7252334458028,36.57163674770796
2025-10-01 01:28:00,72.3511989811648,98.24550372481636,36.42228735625379
2025-10-01 01:29:00,77.56633716556678,95.7158742611367,36.44109504527451
2025-10-01 01:30:00,75.4853877467402,97.10734935582909,36.47851962217578
2025-10-01 01:31:00,79.84322495266444,96.28351382985232,36.48883332904705
2025-10-01 01:32:00,71.48973453061323,97.7184697386196,36.7182888630911
2025-10-01 01:33:00,73.36168926701116,97.50049315793042,36.51558376574219
2025-10-01 01:34:00,73.0394592343392,98.55630991638684,36.71979202316467
2025-10-01 01:35:00,67.68242525933941,96.23497540171788,36.47578502596743
2025-10-01 01:36:00,76.48060138532288,96.59518759705996,36.52359055709483
2025-10-01 01:37:00,76.30527636089944,95.53185442632652,35.900539794640366
2025-10-01 01:38:00,75.02556728321231,96.33356010988584,36.77489830241075
2025-10-01 01:39:00,73.82706433312427,97.56595073956728,36.6039465427694
2025-10-01 01:40:00,67.92314628974793,98.13548292496804,36.7994030329579
2025-10-01 01:41:00,72.89677338617321,95.61675201373356,35.631123386541894
2025-10-01 01:42:00,105.28642741736616,93.30440888015848,38.74357892755202
2025-10-01 01:43:00,70.9886136538919,99.03345678820745,36.45812311155345
2025-10-01 01:44:00,74.19357144166996,97.62015235483555,36.83245484502125
2025-10-01 01:45:00,77.02025428407269,99.8151937188371,36.18802822186234
2025-10-01 01:46:00,84.43092950605265,95.83931620134464,36.68383217151877
2025-10-01 01:47:00,75.8728890641592,95.13301794503288,36.183975331047904
2025-10-01 01:48:00,76.28775195361382,94.33191962664358,36.31286931179126
2025-10-01 01:49:00,74.62777042116916,99.24406646723378,37.07420940616004
2025-10-01 01:50:00,65.4061439235048,97.98154848453107,36.442795279771
2025-10-01 01:51:00,74.86743062275391,96.91662299363432,36.56522986195392
2025-10-01 01:52:00,75.30115104970513,97.41995293947971,36.76102031920663
2025-10-01 01:53:00,87.31621056242643,95.31176642905244,36.64870456639178
2025-10-01 01:54:00,74.03819517609439,100.66862796942524,36.54512567154308
2025-10-01 01:55:00,76.50773671166806,97.19383177296284,36.60948830073987
2025-10-01 01:56:00,74.82644115147379,97.16409219190734,37.221024675571485
2025-10-01 01:57:00,69.15660981190234,98.08864993584804,36.48271436088992
2025-10-01 01:58:00,80.7141140725751,97.72151384760508,36.56032971401449
2025-10-01 01:59:00,78.75966516343387,97.3358260364187,36.815196318802286
2025-10-01 02:00:00,78.95515973521523,95.81428831683203,36.831657779887394
2025-10-01 02:01:00,70.4530627260263,97.707202535704,36.85610909166812
2025-10-01 02:02:00,82.0139715546805,99.82303674471255,36.69161906660876
2025-10-01 02:03:00,67.9907446860386,99.01813006923248,36.15709852618085
2025-10-01 02:04:00,77.93428546900135,99.3897799399591,36.99002945969033
2025-10-01 02:05:00,85.95227812904989,96.23317648535324,36.1560963820944
2025-10-01 02:06:00,70.04731837434656,95.51559276961213,36.59079063957171
2025-10-01 02:07:00,72.16851135198614,96.81131961985052,36.2737172449942
2025-10-01 02:08:00,75.4982568254382,97.08358736843304,36.480758496022105
2025-10-01 02:09:00,72.48262172941901,98.64128727770644,36.598628723091046
2025-10-01 02:10:00,67.24668284466934,94.46130305542778,36.59640716463508
2025-10-01 02:11:00,75.34281487403014,99.29432547919092,36.626576226270586
2025-10-01 02:12:00,69.68848143136948,96.76298815213153,36.9841133807176
2025-10-01 02:13:00,77.36796215317591,96.35967839507887,36.6360602904542
2025-10-01 02:14:00,109.40287882883098,89.48184343710975,37.540591402889405
2025-10-01 02:15:00,82.7496720250877,94.51771499220136,36.789226150486506
2025-10-01 02:16:00,71.08373353831881,98.23475587594288,36.85684114667739
2025-10-01 02:17:00,73.38969241897162,97.1099769507826,36.1317176554589
2025-10-01 02:18:00,79.06758608684835,95.06505865038842,36.67922002095496
2025-10-01 02:19:00,68.84567841783023,95.05738184190456,36.71035182269327
2025-10-01 02:20:00,76.13729967302065,96.4963229510648,36.410730948992
2025-10-01 02:21:00,81.53571377141213,99.50353228793408,36.91271204399349
2025-10-01 02:22:00,66.96258382719387,96.6106129729546,36.45498332389024
2025-10-01 02:23:00,75.92316929266153,94.74528557032284,36.53767293604146
2025-10-01 02:24:00,76.29941397124212,96.63138540387108,36.44807845271484
2025-10-01 02:25:00,78.90911435888655,96.59091464537848,36.50467371427444
2025-10-01 02:26:00,68.81524644560959,92.95467003558764,36.17111747393144
2025-10-01 02:27:00,68.39771693457863,96.91855770022327,36.067984735221714
2025-10-01 02:28:00,77.60970782808448,96.653598204687,36.97835151896749
2025-10-01 02:29:00,76.48492336616593,98.04430954722012,36.2459115955045
2025-10-01 02:30:00,76.25246425172938,99.773434142418,36.20258229516311
2025-10-01 02:31:00,76.73224104748488,98.68984754432164,35.85398296591889
2025-10-01 02:32:00,71.59987639210755,96.59666696416777,36.30831147569315
2025-10-01 02:33:00,76.16126848580502,95.34021113688748,36.10307306197775
2025-10-01 02:34:00,76.46536236649341,100.8600397048748,36.99260454804091
2025-10-01 02:35:00,71.42824290986816,97.08882765102172,36.80294512680279
2025-10-01 02:36:00,119.32887255572378,89.02089393786942,37.380647663242456
2025-10-01 02:37:00,77.36916460455893,96.963812369335,37.175730741603296
2025-10-01 02:38:00,69.04348251398676,97.29712714115178,36.79452964609748
2025-10-01 02:39:00,78.28276804316914,96.78345938211407,36.40255058494741
2025-10-01 02:40:00,70.1265916488634,96.13950698967965,35.75017828553793
2025-10-01 02:41:00,78.93542301871226,96.1797115881394,37.18728277177722
2025-10-01 02:42:00,80.79297789503703,96.950870094676,36.08312825997092
2025-10-01 02:43:00,70.89658840824144,96.18486284329936,36.00638037591293
2025-10-01 02:44:00,79.8168806462216,95.93073132598424,36.80677112960289
2025-10-01 02:45:00,77.06390463468249,97.15964534153784,37.23192572190178
2025-10-01 02:46:00,79.11030079997245,96.61753417386872,36.91528184555315
2025-10-01 02:47:00,84.48396491326974,99.25598948287404,36.66917273601571
2025-10-01 02:48:00,73.77305941998564,93.02354528741049,36.67842630249959
2025-10-01 02:49:00,71.23131917821256,98.6372602778837,36.756024667634094
2025-10-01 02:50:00,70.55242785187238,98.86912778874644,36.72767857693603
2025-10-01 02:51:00,70.92094857517282,93.88991465138776,36.58435742719081
2025-10-01 02:52:00,74.61449145292949,96.48596860887947,36.53126033118557
2025-10-01 02:53:00,76.70575987408321,96.44283870100632,36.48122206163014
2025-10-01 02:54:00,76.38345399665009,94.88873245792328,36.27381062334
2025-10-01 02:55:00,79.13591624518011,95.8332749686137,36.41579747693997
2025-10-01 02:56:00,75.06500945938953,95.33413623180124,35.99211295574138
2025-10-01 02:57:00,82.26767038578659,99.62840566513545,36.470498111961575
2025-10-01 02:58:00,73.67671583381022,98.4035175897212,36.20342266785472
2025-10-01 02:59:00,88.6008458329481,98.90733264249124,36.16892320483527
2025-10-01 03:00:00,78.12833673882503,98.08250809606486,36.55396824534604
2025-10-01 03:01:00,70.71421221791859,95.30642234317416,36.91760068590338
2025-10-01 03:02:00,69.64553750969444,96.21321960058036,36.77549498180069
2025-10-01 03:03:00,77.41236207621593,97.73406184184188,36.028849818913045
2025-10-01 03:04:00,73.88268607337075,95.16680828666208,36.2031115590289
2025-10-01 03:05:00,78.57000247046047,98.06949764525858,36.78223135639647
2025-10-01 03:06:00,77.36618812286773,96.6395119027628,36.20525378193851
2025-10-01 03:07:00,74.63585543671563,96.4377687886756,36.43261005500089
2025-10-01 03:08:00,70.76603140965797,98.06643995230525,36.66501562970736
2025-10-01 03:09:00,67.42576387657067,97.66639496722904,36.20949666354091
2025-10-01 03:10:00,72.76742523966489,96.45855075127136,36.53161265184379
2025-10-01 03:11:00,79.28199397161737,98.73899470504637,36.09979235152454
2025-10-01 03:12:00,76.07046872065102,95.37840500860015,36.31958970681464
2025-10-01 03:13:00,68.77130610644006,97.9239034104164,36.59593458024276
2025-10-01 03:14:00,75.86590462925591,97.88965188695258,36.0221018799405
2025-10-01 03:15:00,76.92658689864419,96.53568034102902,36.63214242138812
2025-10-01 03:16:00,70.58071281899433,97.48919953336318,36.494108660322
2025-10-01 03:17:00,75.76862552972764,95.12332963542204,36.665746986325146
2025-10-01 03:18:00,75.29104359223,98.38604052881035,36.5671742402194
2025-10-01 03:19:00,69.28514851084688,96.72264679533552,36.90924212899216
2025-10-01 03:20:00,76.78893680174141,96.21591546922144,36.53756735079437
2025-10-01 03:21:00,77.80392263184117,98.57351383875532,36.37117833766242
2025-10-01 03:22:00,80.41525621587638,95.94348446418586,36.53668925090969
2025-10-01 03:23:00,80.26901026017451,94.88730805545468,36.662989408710914
2025-10-01 03:24:00,68.11165316021454,94.66505623971416,36.51465802109771
2025-10-01 03:25:00,70.31087480042439,97.90901492701846,36.512177507361166
2025-10-01 03:26:00,77.5751763360433,95.07935597125558,36.28940249365797
2025-10-01 03:27:00,77.56892975456104,99.63219127297654,36.30112972473472
2025-10-01 03:28:00,77.57523843153024,93.8771058881744,36.079218418460094
2025-10-01 03:29:00,94.2636574532736,99.54468455243506,37.02487302295608
2025-10-01 03:30:00,77.85445255346583,97.31652620080392,36.12684102938262
2025-10-01 03:31:00,80.677828200903,96.8549303321944,36.29212844066123
2025-10-01 03:32:00,79.770008817466,96.18262136978656,36.28447782032924
2025-10-01 03:33:00,78.256956256529,97.59870417152813,36.76847731308333
2025-10-01 03:34:00,73.42365377679828,96.94354794636271,36.41151509651239
2025-10-01 03:35:00,78.79484610246634,98.6549528230248,36.87432262180212
2025-10-01 03:36:00,71.13587392731215,97.17134147299306,36.29795281272684
2025-10-01 03:37:00,73.81590696629996,97.22545264219282,36.58369824866714
2025-10-01 03:38:00,72.57318226085448,96.45458168167922,36.24939588402207
2025-10-01 03:39:00,75.40937069693162,96.9145815644184,37.14354473833202
2025-10-01 03:40:00,108.57329283336756,89.4617026533381,37.54073551552833
2025-10-01 03:41:00,65.66367403704126,94.43474741101508,36.59294621306811
2025-10-01 03:42:00,78.43130095187257,94.97772186684143,36.69013306427963
2025-10-01 03:43:00,66.93642064405174,98.11489614103408,36.62413972923545
2025-10-01 03:44:00,72.64034067105283,97.2562981571919,36.44441370233669
2025-10-01 03:45:00,80.44475298483682,96.72402499547098,36.46105379007997
2025-10-01 03:46:00,75.32140009547732,97.02765089959809,36.51314344159373
2025-10-01 03:47:00,69.61127611035347,97.5213725580425,36.45589939951145
2025-10-01 03:48:00,71.42348145370016,96.19036047953595,36.78916373503847
2025-10-01 03:49:00,78.39798874467338,95.83254291189652,37.16315690047741
2025-10-01 03:50:00,71.34816684141431,97.29376788264652,36.33275246449765
2025-10-01 03:51:00,76.08229294790988,95.53244083357744,36.08905910612628
2025-10-01 03:52:00,75.22785919951907,97.61237913357172,36.47351538549462
2025-10-01 03:53:00,71.74199826197092,94.44612459364323,37.2739128012963
2025-10-01 03:54:00,85.71972044662662,98.54373345598846,36.25889762960908
2025-10-01 03:55:00,78.16959511159006,97.70889622361956,36.99173504163322
2025-10-01 03:56:00,64.87428706671196,97.38404460147082,37.00331024422293
2025-10-01 03:57:00,75.93227157384713,98.47403647591828,36.3339235274876
2025-10-01 03:58:00,71.69106767615806,99.49821166669386,36.67069492375558
2025-10-01 03:59:00,79.26216667398111,98.5215550975272,36.98851898693856
2025-10-01 04:00:00,71.0373963078365,94.23868865300253,36.38626167770376
2025-10-01 04:01:00,74.4263177926655,95.08063454989644,36.43892589196929
2025-10-01 04:02:00,77.52493639490228,96.06277213345648,36.32549572581541
2025-10-01 04:03:00,79.32877597085061,97.03913657531623,36.19557298079214
2025-10-01 04:04:00,68.99851796472112,97.77648853070367,36.3052167364802
2025-10-01 04:05:00,73.32749382079525,95.9113842802698,36.13281791997132
2025-10-01 04:06:00,72.62527344419522,97.2801501467156,36.51022504047777
2025-10-01 04:07:00,71.73335383713145,95.86692560147002,36.26900803068241
2025-10-01 04:08:00,83.82727120140548,96.08272329551208,36.57013577353722
2025-10-01 04:09:00,77.02490855480478,94.89000835472768,36.03323130613891
2025-10-01 04:10:00,68.69558022832477,95.61515013083364,36.599264069664336
2025-10-01 04:11:00,79.58930973527389,94.9724730915755,36.75005868848268
2025-10-01 04:12:00,85.61078098506317,95.536190120534,35.90187930722856
2025-10-01 04:13:00,80.16232630275573,98.58046269491176,36.61221697095427
2025-10-01 04:14:00,67.40315017022994,95.57590166675207,36.86830069774199
2025-10-01 04:15:00,72.57882963566874,100.94857309725607,36.13710769439264
2025-10-01 04:16:00,81.33455574593312,97.73997685132132,37.00177171605131
2025-10-01 04:17:00,71.4616526719061,97.2772541855423,36.62570570280981
2025-10-01 04:18:00,77.21909714073114,95.71246332972818,36.28849644327248
2025-10-01 04:19:00,78.87317026714669,98.05046481911349,36.483269276702686
2025-10-01 04:20:00,70.36534764210958,96.13654326064334,36.66749807375652
2025-10-01 04:21:00,74.702373219691,97.18301472196804,36.52280161742373
2025-10-01 04:22:00,58.79366329965464,100.8401268074032,36.66162679773391
2025-10-01 04:23:00,69.87806179332856,96.85591015041302,36.22379792207619
2025-10-01 04:24:00,73.7371592430342,98.72390998942852,36.55080824721082
2025-10-01 04:25:00,68.76108409017576,95.94523536231117,36.075885650928505
2025-10-01 04:26:00,83.16205651965818,96.94751726425456,36.466632181595386
2025-10-01 04:27:00,67.84929311019684,99.65620095345326,36.22882770756056
2025-10-01 04:28:00,72.79977756651508,96.05954941331836,36.27934101722307
2025-10-01 04:29:00,75.65370288643045,99.7186728369954,36.87082795256313
2025-10-01 04:30:00,82.20636644533057,98.0616279031832,36.82739303617828
2025-10-01 04:31:00,67.82068924410281,96.1562998361586,36.68274143627215
2025-10-01 04:32:00,80.8158187607748,97.94861160858328,36.17230617059823
2025-10-01 04:33:00,75.05116530509794,98.45883167444008,36.40507746509156
2025-10-01 04:34:00,70.09245674476024,97.9327149433258,36.86392930999376
2025-10-01 04:35:00,77.31051737131635,94.64466292016432,36.54251507409197
2025-10-01 04:36:00,75.99529847786735,95.9092942362627,37.19579886199451
2025-10-01 04:37:00,71.99891561420603,96.62872204667276,36.61799535181831
2025-10-01 04:38:00,75.3490104249501,96.88834985634992,36.55761473494701
2025-10-01 04:39:00,73.0734320156912,97.93100814632602,36.40726506073925
2025-10-01 04:40:00,75.56758672625624,97.26655150139987,36.540062271434685
2025-10-01 04:41:00,78.31065337260523,94.99698346193485,36.45425904908584
2025-10-01 04:42:00,82.93008408072676,97.57029677650894,36.712432603006576
2025-10-01 04:43:00,68.81092250586576,97.91587861792571,36.787010695038376
2025-10-01 04:44:00,85.66516687328134,97.83968567189656,36.26420316184762
2025-10-01 04:45:00,65.23956100238749,98.62117108833192,36.10063011393267
2025-10-01 04:46:00,74.24107452482208,98.25088323182337,35.94913838806901
2025-10-01 04:47:00,77.94158603242288,97.68877011884264,36.65239739807377
2025-10-01 04:48:00,76.40495933867517,96.89475143281204,36.16899001814784
2025-10-01 04:49:00,71.88650240089703,94.50855859972602,35.85413282211425
2025-10-01 04:50:00,73.95938874821363,97.64442732869888,36.61657358135929
2025-10-01 04:51:00,72.53499532670584,97.31153153074467,37.24789985522984
2025-10-01 04:52:00,72.05317621527894,97.40736825579306,36.49817872653803
2025-10-01 04:53:00,79.24801048510513,95.08487713626954,36.75154723233549
2025-10-01 04:54:00,76.78507742982524,95.3784151893876,36.52454880756427
2025-10-01 04:55:00,71.53545202369673,98.57972927999936,36.47033310404266
2025-10-01 04:56:00,79.49799937716625,96.940667269215,36.77572294489633
2025-10-01 04:57:00,76.53649760438304,98.02225104605894,36.4129176367434
2025-10-01 04:58:00,79.06431059419481,97.04247756419568,36.58021769422157
2025-10-01 04:59:00,78.14814420961807,97.0446342092436,36.596509341858805
2025-10-01 05:00:00,70.85502494538964,98.407425708964,36.29957286390709
2025-10-01 05:01:00,72.19909479901516,96.22593290767394,36.79761270486096
2025-10-01 05:02:00,78.7364680256163,97.14418116541148,36.44751207299138
2025-10-01 05:03:00,78.05185132716733,96.30658706694244,36.27327645215215
2025-10-01 05:04:00,74.89549203017926,96.34825565885151,36.66095295307112
2025-10-01 05:05:00,75.58663691654391,96.53624181479704,36.23045960546269
2025-10-01 05:06:00,81.38832447894212,97.33320065745058,36.50845434721074
2025-10-01 05:07:00,72.04214305582084,96.28187706750478,36.49726430100674
2025-10-01 05:08:00,77.7354869058502,98.88363418836028,36.82576866974947
2025-10-01 05:09:00,73.98903673783053,95.65808904667074,36.64240946986399
2025-10-01 05:10:00,73.9115939838639,96.71969253375796,36.49249191237646
2025-10-01 05:11:00,80.49388425993595,96.34040341258874,36.745329889760086
2025-10-01 05:12:00,79.12708174494014,99.1704668265306,36.9170622647052
2025-10-01 05:13:00,79.06754818000319,97.29483216476736,36.66734309190556
2025-10-01 05:14:00,81.52739403577165,98.54776680920295,36.50310578595301
2025-10-01 05:15:00,75.1050192081638,94.77165944044454,36.10644913029496
2025-10-01 05:16:00,78.40976485647482,97.4005753988039,36.18046590107739
2025-10-01 05:17:00,73.44866621703272,98.33444619343516,36.4084325886936
2025-10-01 05:18:00,76.62083176244221,97.12342598391314,36.31714633935221
2025-10-01 05:19:00,74.34928472816158,98.59822056259804,36.44390860910437
2025-10-01 05:20:00,75.48497982496359,96.22406732484944,36.51699497746913
2025-10-01 05:21:00,110.97578512718457,92.11402116027836,38.59066154573984
2025-10-01 05:22:00,70.90889658383264,100.44834718542889,36.47885036658227
2025-10-01 05:23:00,85.4619363784273,96.45574215934052,36.64595049314786
2025-10-01 05:24:00,69.96991309250149,96.33174621789884,36.51934232444304
2025-10-01 05:25:00,68.92905693606134,99.18007671567656,35.90736003009384
2025-10-01 05:26:00,80.79055436750033,99.36935821859606,36.218199381854376
2025-10-01 05:27:00,78.95831346981468,96.2157099592701,36.45677373328351
2025-10-01 05:28:00,78.12059908526078,96.3697197743562,36.13709157714767
2025-10-01 05:29:00,78.1417275463214,96.57732308670924,36.67997861899886
2025-10-01 05:30:00,96.93876613576543,89.98332423344858,38.47189297565953
2025-10-01 05:31:00,70.51372814257084,95.62202208027372,36.8656285555092
2025-10-01 05:32:00,75.37902279096863,95.4937888498719,36.43596713872094
2025-10-01 05:33:00,71.61419144243945,95.8483036523438,36.947217841054986
2025-10-01 05:34:00,79.87559866708875,96.94797266891985,36.54460023716064
2025-10-01 05:35:00,74.2647130924893,97.3513220988048,36.39887420866459
2025-10-01 05:36:00,70.87251401603744,99.32575073922112,36.31597920093772
2025-10-01 05:37:00,73.39307079173503,95.5024689388918,36.40925909405356
2025-10-01 05:38:00,77.06465727137812,98.47648359771487,36.383546954437634
2025-10-01 05:39:00,72.18137723598012,96.67901673366174,36.55112486671265
2025-10-01 05:40:00,70.88889802216784,96.92580443552136,36.54817219431496
2025-10-01 05:41:00,76.21843605745956,98.0122292382499,36.50091380604602
2025-10-01 05:42:00,76.22483285554361,95.31591696765656,36.63108145092391
2025-10-01 05:43:00,72.46528412314436,97.57361461927609,36.8571938824359
2025-10-01 05:44:00,72.64480847190839,97.2496783123196,36.7848662406324
2025-10-01 05:45:00,76.16024968678818,97.73867689601222,36.05453060946503
2025-10-01 05:46:00,67.75957829251338,97.43375296586171,35.73382365952941
2025-10-01 05:47:00,67.96268112811723,100.68295020986632,36.780295973371786
2025-10-01 05:48:00,71.40777889373783,96.04339002362303,36.08993639047537
2025-10-01 05:49:00,73.93276424144076,96.20350456749728,36.43257037943219
2025-10-01 05:50:00,76.55453782799002,96.06528921036283,36.14896609218219
2025-10-01 05:51:00,82.37678108474776,96.1667843212596,35.959405868725995
2025-10-01 05:52:00,79.2882981160101,96.04391930904022,36.66243881846144
2025-10-01 05:53:00,74.20030735018287,98.78352479666133,36.72774654809079
2025-10-01 05:54:00,74.90491896048655,99.1307563719848,36.32704687978198
2025-10-01 05:55:00,69.98735317681096,96.1438805593758,35.72268731235653
2025-10-01 05:56:00,74.90743432003805,95.75146664034364,36.336126665524255
2025-10-01 05:57:00,73.5567068053993,97.7071233345796,36.61754120162077
2025-10-01 05:58:00,76.61359280169044,96.17166543357854,36.05632652936776
2025-10-01 05:59:00,70.86384528223839,97.94939772663326,36.55500797593375
2025-10-01 06:00:00,77.59673257120586,97.30438453127697,36.4954070452481
2025-10-01 06:01:00,82.66369456501289,94.72638382750416,36.67378744988033
2025-10-01 06:02:00,74.45619925771571,99.32125780199507,36.53587411052425
2025-10-01 06:03:00,77.0085586104947,99.69381650964328,36.20807931773553
2025-10-01 06:04:00,78.45071995855557,96.08081696427342,36.85897145049935
2025-10-01 06:05:00,72.99389764057082,96.41844766009602,36.45244112809191
2025-10-01 06:06:00,76.12046240905208,97.42879808608735,36.49180863814702
2025-10-01 06:07:00,75.06296200390898,97.50168518498052,36.22001961227805
2025-10-01 06:08:00,75.48838049274416,97.98781640900924,36.367015324642544
2025-10-01 06:09:00,71.13495108072267,100.01530680814952,36.23455918579193
2025-10-01 06:10:00,75.12255087129472,96.73457915875892,36.44811618202297
2025-10-01 06:11:00,77.48999145622724,95.80255413319232,37.01351254404271
2025-10-01 06:12:00,82.2557180389752,94.9310211579782,36.08842965712059
2025-10-01 06:13:00,79.79635413042604,95.90360494008712,36.01593158063698
2025-10-01 06:14:00,85.76591228755778,96.9503095406893,36.94135109824808
2025-10-01 06:15:00,71.16326218555976,99.69183679527669,36.43720289685444
2025-10-01 06:16:00,79.36160318360339,96.22358305144574,36.29927817840203
2025-10-01 06:17:00,75.91671002869175,97.33568192745835,36.81197140621882
2025-10-01 06:18:00,85.94901466608836,96.97536565589088,36.31831533807894
2025-10-01 06:19:00,70.95850857322424,98.78258991017212,37.04780291406408
2025-10-01 06:20:00,97.80139078909612,95.79039863881044,37.996866584609904
2025-10-01 06:21:00,72.0030367727799,96.20369684061951,36.35362657755629
2025-10-01 06:22:00,64.38052137845096,96.26584083622268,37.14719246397965
2025-10-01 06:23:00,72.3712248915962,98.5662413156036,36.318285523099
2025-10-01 06:24:00,71.20433669223151,98.02283723443946,36.7226286116028
2025-10-01 06:25:00,75.75196893238103,99.77006098860404,36.589787774121945
2025-10-01 06:26:00,76.70877987888579,97.87589227798894,36.89052238681964
2025-10-01 06:27:00,84.38085419607943,96.4610618638194,36.968453359018056
2025-10-01 06:28:00,79.75211919093024,97.88598224603848,36.50960124471973
2025-10-01 06:29:00,72.11548172168798,98.66305537087436,36.27397463889614
2025-10-01 06:30:00,70.50792664325822,98.23072327179604,36.63799164288174
2025-10-01 06:31:00,113.45959585753252,88.76091104666095,37.86873403244367
2025-10-01 06:32:00,68.3988339648968,98.60001203438372,37.10401617425799
2025-10-01 06:33:00,84.15729382927177,98.7539433856685,36.54096059932482
2025-10-01 06:34:00,80.89720060360644,99.07323848655628,36.39040353460637
2025-10-01 06:35:00,72.65412173947648,97.97306483138446,36.55540409175947
2025-10-01 06:36:00,66.43432735454562,96.74932287952473,36.09586211314109
2025-10-01 06:37:00,81.76936187082707,97.22007052965,36.2085157884468
2025-10-01 06:38:00,74.42730077373692,98.80976344976254,36.86012417238333
2025-10-01 06:39:00,81.1890815598673,95.77459649351914,36.30293171630858
2025-10-01 06:40:00,67.02786170602816,97.55300996330936,36.18592670519542
2025-10-01 06:41:00,72.00312488523113,96.40999178150896,36.660995825758185
2025-10-01 06:42:00,75.02621849859092,97.04311723440225,36.8557112463989
2025-10-01 06:43:00,75.2349029688237,98.91767779391095,36.71568599319952
2025-10-01 06:44:00,72.74967264260378,97.28664860202986,36.79881430574174
2025-10-01 06:45:00,78.11424966173749,97.06965482223424,36.27296147342916
2025-10-01 06:46:00,69.66189785308703,94.96021578853012,36.07345679997745
2025-10-01 06:47:00,74.28810257489353,98.11938034904082,36.950400095586645
2025-10-01 06:48:00,75.60147815855949,97.9682262717116,36.40319604834736
2025-10-01 06:49:00,77.57219417029374,100.2448820849582,36.42475009506349
2025-10-01 06:50:00,78.55807439044445,96.5383326475705,36.89845824255472
2025-10-01 06:51:00,69.37678954081065,97.3287254914959,36.6668690028202
2025-10-01 06:52:00,67.32942914632189,97.37407552556613,36.636766331624486
2025-10-01 06:53:00,81.38838410949255,99.3661799196452,37.14950070347032
2025-10-01 06:54:00,76.66157005989795,96.85705670141957,36.30694453088596
2025-10-01 06:55:00,71.25756731721724,97.41853228865553,36.77835203842437
2025-10-01 06:56:00,82.75575987761262,97.9118447645748,36.51710393746912
2025-10-01 06:57:00,75.57837317146429,97.27991368473454,36.58057768365898
2025-10-01 06:58:00,80.89648592031914,96.3303495781742,36.95854052792376
2025-10-01 06:59:00,75.33759240705055,97.29113498934746,36.65235072688689
2025-10-01 07:00:00,85.30373962440993,98.61044762478966,36.66148882371489
2025-10-01 07:01:00,83.77670421221602,95.4602270508834,36.82175220119294
2025-10-01 07:02:00,73.75517925760464,97.19945451122032,36.390514181137135
2025-10-01 07:03:00,79.85785475477178,95.94981877759125,36.248237099798295
2025-10-01 07:04:00,78.22687974792574,98.79256994338726,36.18655724179369
2025-10-01 07:05:00,81.84315778766174,94.71521964282434,35.9100930231872
2025-10-01 07:06:00,70.17538269709948,96.1616172290926,37.1168621389821
2025-10-01 07:07:00,78.43025729999219,97.56581781259678,36.16903749028349
2025-10-01 07:08:00,80.29212243424794,99.34828604385152,36.43362391292427
2025-10-01 07:09:00,66.20630256788442,96.90137460839053,36.41695601003333
2025-10-01 07:10:00,69.08370743667112,96.1672007099602,36.59222200934273
2025-10-01 07:11:00,64.8038391111995,99.82173560416088,36.74472116376179
2025-10-01 07:12:00,73.65296582777721,94.82797914937564,36.75814204650792
2025-10-01 07:13:00,78.58771127897981,93.70179106506988,36.32507676842932
2025-10-01 07:14:00,82.51178526048014,97.66002167508,36.44986348586408
2025-10-01 07:15:00,75.37047390209888,96.24691866347108,36.58477398514649
2025-10-01 07:16:00,83.14307772785646,95.46815077430394,36.42539266214494
2025-10-01 07:17:00,68.09949270892554,98.06253467094903,36.982203672806
2025-10-01 07:18:00,66.48308780322422,97.3657010706568,36.64729248549148
2025-10-01 07:19:00,74.72226150551691,96.1538820538949,36.72046333581495
2025-10-01 07:20:00,76.92032724469654,95.07954340199366,36.69886438060023
2025-10-01 07:21:00,74.83652625952953,98.30868599242022,36.8520421572456
2025-10-01 07:22:00,64.66278949980062,97.975301766938,36.55430646761111
2025-10-01 07:23:00,74.55439980243605,96.85123620433092,36.110950415613246
2025-10-01 07:24:00,68.47765249747573,99.7699554940715,36.6199063855258
2025-10-01 07:25:00,78.3483627441502,95.39487285051077,36.30459293186245
2025-10-01 07:26:00,76.83299123048424,94.7117122436129,36.34141499547507
2025-10-01 07:27:00,70.30060106836322,95.96213789517812,36.675909205626525
2025-10-01 07:28:00,72.43066541331653,96.93162097546676,36.87148492143009
2025-10-01 07:29:00,69.70393239055524,97.36500917398403,36.50638147302082
2025-10-01 07:30:00,74.68660451363414,96.63814591321552,36.59264990377969
2025-10-01 07:31:00,79.77571160250619,97.52808309477145,37.01066448339057
2025-10-01 07:32:00,70.07136976832228,95.12269086371434,36.57222595384657
2025-10-01 07:33:00,77.52023257758923,99.16564690610988,37.28050493425412
2025-10-01 07:34:00,72.3487119081378,96.87677323241115,36.66965289368947
2025-10-01 07:35:00,71.03563583868828,98.6759437473822,35.971771172253256
2025-10-01 07:36:00,74.46484820022721,97.51408801956656,36.72600248633136
2025-10-01 07:37:00,69.82378838790314,97.68512982873068,36.61434751546484
2025-10-01 07:38:00,72.23175347326409,97.8546509203483,36.886925826224825
2025-10-01 07:39:00,69.01061053705575,97.67156284002596,36.70195440538099
2025-10-01 07:40:00,84.82362566458195,97.96408413980132,36.45846320480487
2025-10-01 07:41:00,75.17631775985865,98.99372879519863,36.13271052911319
2025-10-01 07:42:00,71.50137246003708,97.2947817545522,36.4372930228142
2025-10-01 07:43:00,76.0698995536711,98.06350563638276,36.24484386373721
2025-10-01 07:44:00,74.43835975154585,96.86539645856917,36.32584296505858
2025-10-01 07:45:00,73.89515200233389,99.1601758231742,36.67657352132618
2025-10-01 07:46:00,78.07083350021712,95.9854115469111,37.000971351305424
2025-10-01 07:47:00,78.78753855023652,99.70141064936622,36.61840145894689
2025-10-01 07:48:00,72.34749426194736,96.93976307403348,36.141235081389446
2025-10-01 07:49:00,72.1209087967766,94.85383734682291,36.63338080046604
2025-10-01 07:50:00,73.62474151424178,97.19215662236618,36.85898944599369
2025-10-01 07:51:00,99.49039417632208,86.97842251378768,37.66228827150588
2025-10-01 07:52:00,67.42404468900725,98.26096532348308,36.459794849998126
2025-10-01 07:53:00,81.83437133722262,96.0210640310464,36.50440645841876
2025-10-01 07:54:00,83.22483856750642,96.33072485017784,36.26453050607533
2025-10-01 07:55:00,73.75481980221811,94.16568890358172,36.69448413015316
2025-10-01 07:56:00,77.88278481527882,96.32154052112638,36.463715555417664
2025-10-01 07:57:00,76.55625077271768,93.36418101005656,36.625859733172106
2025-10-01 07:58:00,90.3944040422762,94.6241457647714,36.23375234665937
2025-10-01 07:59:00,80.59787455717289,98.14062198421644,36.36876250990298
2025-10-01 08:00:00,74.36041204259617,98.17870023797624,36.716714407348334
2025-10-01 08:01:00,70.22229779699788,97.63818634267744,36.38815005437247
2025-10-01 08:02:00,66.96776839871214,95.54953578530618,37.01808915537002
2025-10-01 08:03:00,76.01731817933612,96.92843296578702,36.38010914431562
2025-10-01 08:04:00,71.21824627357849,96.99459619136417,36.56740541772557
2025-10-01 08:05:00,67.88873145201163,95.2624529662112,36.77977724956192
2025-10-01 08:06:00,71.76713557878736,99.25509745265072,36.07449028012009
2025-10-01 08:07:00,69.59225998192802,98.3160434358635,35.97175735640577
2025-10-01 08:08:00,83.43570817536282,96.6685537392555,36.042303105628974
2025-10-01 08:09:00,79.40819878474726,97.0403287584918,36.87877523102816
2025-10-01 08:10:00,74.96013679341691,97.31257421192132,36.33444255623227
2025-10-01 08:11:00,82.39972069445012,93.93739769736356,37.26745978570048
2025-10-01 08:12:00,75.38684153823809,96.6292339262191,36.33072572040278
2025-10-01 08:13:00,70.69357899335868,95.97702362800332,36.55536539095911
2025-10-01 08:14:00,82.61562038634828,95.49756998515764,36.96263298577036
2025-10-01 08:15:00,77.69455021842329,96.57834956067109,37.101827866447735
2025-10-01 08:16:00,69.81376922836772,99.69652979027428,37.11845107299092
2025-10-01 08:17:00,74.04830660958196,97.96126429190052,36.86250986917794
2025-10-01 08:18:00,70.62190873307621,96.1432315153258,36.80721875774344
2025-10-01 08:19:00,68.08600134517832,97.85887417203423,36.67775808476036
